popularity,song_id,artist_id,album_id,song_name,artist_name,album_name,explicit,disc_number,track_number,uri,tempo,type,key,loudness,mode,speechiness,liveness,valence,danceability,energy,track_href,analysis_url,duration_ms,time_signature,acousticness,instrumentalness,artist_genres,artist_popularity,album_genres,album_popularity,album_release_date
86,3dPQuX8Gs42Y7b454ybpMR,4F84IBURUo98rz4r61KF70,6D9urpsOWWKtYvF6PaorGE,Seven Nation Army,The White Stripes,Elephant,False,1,1,spotify:track:3dPQuX8Gs42Y7b454ybpMR,123.596,audio_features,4,-7.807,0,0.0683,0.337,0.278,0.743,0.446,https://api.spotify.com/v1/tracks/3dPQuX8Gs42Y7b454ybpMR,https://api.spotify.com/v1/audio-analysis/3dPQuX8Gs42Y7b454ybpMR,232107,4,0.0039,0.118,"['alternative rock', 'blues rock', 'detroit rock', 'garage rock', 'modern blues rock', 'modern rock', 'permanent wave', 'punk blues', 'rock']",74,[],78,2003-04-01
45,0sFq478LIo9BFwf2qzMzzF,7wCjDgV6nqBsHguQXPAaIM,6GDs0ZZVR2jDV8n4m11KWO,The Year 2003 Minus 25 - Remastered,Waylon Jennings,Waylon & Willie,False,1,2,spotify:track:0sFq478LIo9BFwf2qzMzzF,102.166,audio_features,4,-13.785,1,0.0384,0.0668,0.474,0.626,0.457,https://api.spotify.com/v1/tracks/0sFq478LIo9BFwf2qzMzzF,https://api.spotify.com/v1/audio-analysis/0sFq478LIo9BFwf2qzMzzF,184267,4,0.355,9.2e-06,"['country', 'country rock', 'outlaw country', 'texas country']",70,[],61,1978-01-01
82,2PpruBYCo4H7WOBJ7Q2EwM,1G9G7WwrXka3Z1r7aIDjI7,1UsmQ3bpJTyK6ygoOOjG1r,Hey Ya!,Outkast,Speakerboxxx/The Love Below,False,2,9,spotify:track:2PpruBYCo4H7WOBJ7Q2EwM,79.526,audio_features,4,-2.261,0,0.0664,0.174,0.965,0.727,0.974,https://api.spotify.com/v1/tracks/2PpruBYCo4H7WOBJ7Q2EwM,https://api.spotify.com/v1/audio-analysis/2PpruBYCo4H7WOBJ7Q2EwM,235213,4,0.103,0.000532,"['atl hip hop', 'dirty south rap', 'hip hop', 'old school atlanta hip hop', 'rap', 'southern hip hop']",77,[],77,2003
74,6bUNEbXT7HovLW6BgPCBsb,1G9G7WwrXka3Z1r7aIDjI7,1UsmQ3bpJTyK6ygoOOjG1r,Roses,Outkast,Speakerboxxx/The Love Below,True,2,10,spotify:track:6bUNEbXT7HovLW6BgPCBsb,108.97,audio_features,0,-5.653,1,0.0545,0.107,0.509,0.751,0.708,https://api.spotify.com/v1/tracks/6bUNEbXT7HovLW6BgPCBsb,https://api.spotify.com/v1/audio-analysis/6bUNEbXT7HovLW6BgPCBsb,369573,4,0.0482,1.85e-05,"['atl hip hop', 'dirty south rap', 'hip hop', 'old school atlanta hip hop', 'rap', 'southern hip hop']",77,[],77,2003
68,5z7mYFfhw6N6f23VwrokJD,1G9G7WwrXka3Z1r7aIDjI7,1UsmQ3bpJTyK6ygoOOjG1r,The Way You Move (feat. Sleepy Brown),Outkast,Speakerboxxx/The Love Below,True,1,5,spotify:track:5z7mYFfhw6N6f23VwrokJD,125.999,audio_features,5,-4.932,0,0.0464,0.0638,0.635,0.871,0.597,https://api.spotify.com/v1/tracks/5z7mYFfhw6N6f23VwrokJD,https://api.spotify.com/v1/audio-analysis/5z7mYFfhw6N6f23VwrokJD,234000,4,0.126,0.000113,"['atl hip hop', 'dirty south rap', 'hip hop', 'old school atlanta hip hop', 'rap', 'southern hip hop']",77,[],77,2003
26,0r5y3Ia2Wu3UkenDH2Ulhk,6JMGrupbzJZ3yuQhTGyeHr,6nUwQK1xQulhHslB6A8qjQ,Ducktales (the Moon),Year 200X,We Are Error,False,1,2,spotify:track:0r5y3Ia2Wu3UkenDH2Ulhk,82.509,audio_features,7,-6.721,1,0.039,0.157,0.405,0.257,0.725,https://api.spotify.com/v1/tracks/0r5y3Ia2Wu3UkenDH2Ulhk,https://api.spotify.com/v1/audio-analysis/0r5y3Ia2Wu3UkenDH2Ulhk,131253,4,0.000159,0.846,['scorecore'],21,[],27,2013-11-28
22,1mo7zvAi0AFpLj4ODV9AyY,6JMGrupbzJZ3yuQhTGyeHr,6nUwQK1xQulhHslB6A8qjQ,Zelda II (Title - Battle - Fairy - Palace),Year 200X,We Are Error,False,1,13,spotify:track:1mo7zvAi0AFpLj4ODV9AyY,54.37,audio_features,7,-8.903,1,0.0596,0.0709,0.146,0.112,0.709,https://api.spotify.com/v1/tracks/1mo7zvAi0AFpLj4ODV9AyY,https://api.spotify.com/v1/audio-analysis/1mo7zvAi0AFpLj4ODV9AyY,386227,3,4.74e-05,0.879,['scorecore'],21,[],27,2013-11-28
22,0qSXoNHcm1sn9kWcAG7WCx,6JMGrupbzJZ3yuQhTGyeHr,6nUwQK1xQulhHslB6A8qjQ,Ghosts N Goblins,Year 200X,We Are Error,False,1,5,spotify:track:0qSXoNHcm1sn9kWcAG7WCx,93.028,audio_features,7,-8.439,1,0.0441,0.0681,0.541,0.294,0.788,https://api.spotify.com/v1/tracks/0qSXoNHcm1sn9kWcAG7WCx,https://api.spotify.com/v1/audio-analysis/0qSXoNHcm1sn9kWcAG7WCx,106973,4,4.15e-06,0.967,['scorecore'],21,[],27,2013-11-28
21,2HUMceEhjkJoOfn7UsomyX,6JMGrupbzJZ3yuQhTGyeHr,6nUwQK1xQulhHslB6A8qjQ,Castlevania III (the Beginning),Year 200X,We Are Error,False,1,8,spotify:track:2HUMceEhjkJoOfn7UsomyX,113.765,audio_features,7,-8.539,0,0.052,0.232,0.485,0.192,0.693,https://api.spotify.com/v1/tracks/2HUMceEhjkJoOfn7UsomyX,https://api.spotify.com/v1/audio-analysis/2HUMceEhjkJoOfn7UsomyX,114000,4,2.75e-06,0.863,['scorecore'],21,[],27,2013-11-28
19,0ldeZmVLVfyhRKCavkFv2K,6JMGrupbzJZ3yuQhTGyeHr,6nUwQK1xQulhHslB6A8qjQ,Mega Man 3 (title Theme)(sfx Intro By Alex Atchley),Year 200X,We Are Error,False,1,1,spotify:track:0ldeZmVLVfyhRKCavkFv2K,77.725,audio_features,6,-9.81,0,0.0338,0.12,0.147,0.235,0.35,https://api.spotify.com/v1/tracks/0ldeZmVLVfyhRKCavkFv2K,https://api.spotify.com/v1/audio-analysis/0ldeZmVLVfyhRKCavkFv2K,153987,3,0.00312,0.908,['scorecore'],21,[],27,2013-11-28
18,4Y2mJptbsUs60BACcmqTZc,6JMGrupbzJZ3yuQhTGyeHr,6nUwQK1xQulhHslB6A8qjQ,Mega Man 2 (title),Year 200X,We Are Error,False,1,12,spotify:track:4Y2mJptbsUs60BACcmqTZc,81.573,audio_features,1,-7.597,1,0.0381,0.108,0.36,0.0997,0.696,https://api.spotify.com/v1/tracks/4Y2mJptbsUs60BACcmqTZc,https://api.spotify.com/v1/audio-analysis/4Y2mJptbsUs60BACcmqTZc,97480,4,1.6e-05,0.855,['scorecore'],21,[],27,2013-11-28
84,2nLtzopw4rPReszdYBJU6h,6XyY86QOPPrYVGvF9ch6wz,4Gfnly5CzMJQqkUFfoHaP3,Numb,Linkin Park,Meteora,False,1,13,spotify:track:2nLtzopw4rPReszdYBJU6h,110.018,audio_features,9,-4.153,1,0.0381,0.639,0.243,0.496,0.863,https://api.spotify.com/v1/tracks/2nLtzopw4rPReszdYBJU6h,https://api.spotify.com/v1/audio-analysis/2nLtzopw4rPReszdYBJU6h,185587,4,0.0046,0.0,"['alternative metal', 'nu metal', 'post-grunge', 'rap metal']",86,[],79,2003-03-24
73,4Yf5bqU3NK4kNOypcrLYwU,6XyY86QOPPrYVGvF9ch6wz,4Gfnly5CzMJQqkUFfoHaP3,Faint,Linkin Park,Meteora,False,1,7,spotify:track:4Yf5bqU3NK4kNOypcrLYwU,135.095,audio_features,4,-3.554,1,0.131,0.0731,0.594,0.554,0.978,https://api.spotify.com/v1/tracks/4Yf5bqU3NK4kNOypcrLYwU,https://api.spotify.com/v1/audio-analysis/4Yf5bqU3NK4kNOypcrLYwU,162600,4,0.111,0.0,"['alternative metal', 'nu metal', 'post-grunge', 'rap metal']",86,[],79,2003-03-24
67,3agtg0x11wPvLIWkYR39nZ,6XyY86QOPPrYVGvF9ch6wz,4Gfnly5CzMJQqkUFfoHaP3,Somewhere I Belong,Linkin Park,Meteora,False,1,3,spotify:track:3agtg0x11wPvLIWkYR39nZ,162.065,audio_features,1,-3.754,1,0.0645,0.261,0.442,0.451,0.951,https://api.spotify.com/v1/tracks/3agtg0x11wPvLIWkYR39nZ,https://api.spotify.com/v1/audio-analysis/3agtg0x11wPvLIWkYR39nZ,213933,4,0.00038,2.39e-06,"['alternative metal', 'nu metal', 'post-grunge', 'rap metal']",86,[],79,2003-03-24
50,1AHGrKFv3nSCH9K7yg8gOz,5ND0mGcL9SKSjWIjPd0xIb,1mE248x5OCg2ffilAnFI0r,Punk Rock 101,Bowling For Soup,Songs People Actually Liked - Volume 1 - The First 10 Years (1994-2003),False,1,9,spotify:track:1AHGrKFv3nSCH9K7yg8gOz,117.962,audio_features,4,-4.576,1,0.084,0.0823,0.733,0.63,0.936,https://api.spotify.com/v1/tracks/1AHGrKFv3nSCH9K7yg8gOz,https://api.spotify.com/v1/audio-analysis/1AHGrKFv3nSCH9K7yg8gOz,184322,4,0.00128,0.0,"['comic', 'pop punk', 'rock', 'texas pop punk']",66,[],46,2015-01-27
40,1lfaObhOUYMHy4T3vux3qT,5ND0mGcL9SKSjWIjPd0xIb,1mE248x5OCg2ffilAnFI0r,Girl All the Bad Guys Want,Bowling For Soup,Songs People Actually Liked - Volume 1 - The First 10 Years (1994-2003),False,1,4,spotify:track:1lfaObhOUYMHy4T3vux3qT,131.99,audio_features,7,-4.743,1,0.0493,0.331,0.899,0.639,0.837,https://api.spotify.com/v1/tracks/1lfaObhOUYMHy4T3vux3qT,https://api.spotify.com/v1/audio-analysis/1lfaObhOUYMHy4T3vux3qT,196548,4,0.00376,0.0,"['comic', 'pop punk', 'rock', 'texas pop punk']",66,[],46,2015-01-27
37,7zDmY2QHuelJABpgelsbw2,5ND0mGcL9SKSjWIjPd0xIb,1mE248x5OCg2ffilAnFI0r,The Bitch Song,Bowling For Soup,Songs People Actually Liked - Volume 1 - The First 10 Years (1994-2003),False,1,6,spotify:track:7zDmY2QHuelJABpgelsbw2,170.046,audio_features,9,-5.307,1,0.0907,0.156,0.559,0.407,0.916,https://api.spotify.com/v1/tracks/7zDmY2QHuelJABpgelsbw2,https://api.spotify.com/v1/audio-analysis/7zDmY2QHuelJABpgelsbw2,197149,4,0.000104,3.64e-05,"['comic', 'pop punk', 'rock', 'texas pop punk']",66,[],46,2015-01-27
27,58X2UhCZQxHOWaBMNRNJv7,5ND0mGcL9SKSjWIjPd0xIb,1mE248x5OCg2ffilAnFI0r,Emily,Bowling For Soup,Songs People Actually Liked - Volume 1 - The First 10 Years (1994-2003),False,1,3,spotify:track:58X2UhCZQxHOWaBMNRNJv7,161.927,audio_features,9,-4.53,1,0.0496,0.119,0.663,0.463,0.886,https://api.spotify.com/v1/tracks/58X2UhCZQxHOWaBMNRNJv7,https://api.spotify.com/v1/audio-analysis/58X2UhCZQxHOWaBMNRNJv7,208426,4,0.000828,0.0,"['comic', 'pop punk', 'rock', 'texas pop punk']",66,[],46,2015-01-27
24,1gtadwEKHcGTuFEMMxgkJd,5ND0mGcL9SKSjWIjPd0xIb,1mE248x5OCg2ffilAnFI0r,Life After Lisa,Bowling For Soup,Songs People Actually Liked - Volume 1 - The First 10 Years (1994-2003),False,1,11,spotify:track:1gtadwEKHcGTuFEMMxgkJd,130.321,audio_features,11,-4.379,1,0.0314,0.173,0.854,0.668,0.834,https://api.spotify.com/v1/tracks/1gtadwEKHcGTuFEMMxgkJd,https://api.spotify.com/v1/audio-analysis/1gtadwEKHcGTuFEMMxgkJd,180211,4,0.000742,9.57e-06,"['comic', 'pop punk', 'rock', 'texas pop punk']",66,[],46,2015-01-27
26,2R2zGPoqpNp3lOfI03RrWV,5ND0mGcL9SKSjWIjPd0xIb,1mE248x5OCg2ffilAnFI0r,Suckerpunch,Bowling For Soup,Songs People Actually Liked - Volume 1 - The First 10 Years (1994-2003),False,1,2,spotify:track:2R2zGPoqpNp3lOfI03RrWV,159.019,audio_features,9,-4.172,1,0.0444,0.0827,0.824,0.503,0.923,https://api.spotify.com/v1/tracks/2R2zGPoqpNp3lOfI03RrWV,https://api.spotify.com/v1/audio-analysis/2R2zGPoqpNp3lOfI03RrWV,198629,4,0.00013,4.71e-06,"['comic', 'pop punk', 'rock', 'texas pop punk']",66,[],46,2015-01-27
21,2lq7sC4GEvtz8po0WeMEQw,5ND0mGcL9SKSjWIjPd0xIb,1mE248x5OCg2ffilAnFI0r,20 Years (That's a Lot of Beers),Bowling For Soup,Songs People Actually Liked - Volume 1 - The First 10 Years (1994-2003),False,1,18,spotify:track:2lq7sC4GEvtz8po0WeMEQw,114.969,audio_features,0,-8.34,1,0.0321,0.26,0.499,0.629,0.559,https://api.spotify.com/v1/tracks/2lq7sC4GEvtz8po0WeMEQw,https://api.spotify.com/v1/audio-analysis/2lq7sC4GEvtz8po0WeMEQw,201633,4,0.501,0.0,"['comic', 'pop punk', 'rock', 'texas pop punk']",66,[],46,2015-01-27
23,7dlUNrNAcBsyBHMwfY7gvA,5ND0mGcL9SKSjWIjPd0xIb,1mE248x5OCg2ffilAnFI0r,Last Rock Show,Bowling For Soup,Songs People Actually Liked - Volume 1 - The First 10 Years (1994-2003),False,1,1,spotify:track:7dlUNrNAcBsyBHMwfY7gvA,101.069,audio_features,0,-4.717,1,0.0578,0.304,0.43,0.495,0.965,https://api.spotify.com/v1/tracks/7dlUNrNAcBsyBHMwfY7gvA,https://api.spotify.com/v1/audio-analysis/7dlUNrNAcBsyBHMwfY7gvA,89169,4,3.72e-05,0.000188,"['comic', 'pop punk', 'rock', 'texas pop punk']",66,[],46,2015-01-27
20,6zbPbdbG6a1GEhYwI8KRG0,5ND0mGcL9SKSjWIjPd0xIb,1mE248x5OCg2ffilAnFI0r,You and Me,Bowling For Soup,Songs People Actually Liked - Volume 1 - The First 10 Years (1994-2003),False,1,5,spotify:track:6zbPbdbG6a1GEhYwI8KRG0,90.538,audio_features,0,-4.481,1,0.0261,0.0894,0.441,0.512,0.813,https://api.spotify.com/v1/tracks/6zbPbdbG6a1GEhYwI8KRG0,https://api.spotify.com/v1/audio-analysis/6zbPbdbG6a1GEhYwI8KRG0,241921,4,0.000534,4.34e-05,"['comic', 'pop punk', 'rock', 'texas pop punk']",66,[],46,2015-01-27
19,33Iif7YC2IYvTHPfdlyC7m,5ND0mGcL9SKSjWIjPd0xIb,1mE248x5OCg2ffilAnFI0r,Belgium,Bowling For Soup,Songs People Actually Liked - Volume 1 - The First 10 Years (1994-2003),False,1,10,spotify:track:33Iif7YC2IYvTHPfdlyC7m,167.943,audio_features,7,-4.672,1,0.0559,0.204,0.803,0.494,0.917,https://api.spotify.com/v1/tracks/33Iif7YC2IYvTHPfdlyC7m,https://api.spotify.com/v1/audio-analysis/33Iif7YC2IYvTHPfdlyC7m,200964,4,0.00113,0.0,"['comic', 'pop punk', 'rock', 'texas pop punk']",66,[],46,2015-01-27
18,5GcdSVm9Yq1lOFhVcBZdet,5ND0mGcL9SKSjWIjPd0xIb,1mE248x5OCg2ffilAnFI0r,Cody,Bowling For Soup,Songs People Actually Liked - Volume 1 - The First 10 Years (1994-2003),False,1,12,spotify:track:5GcdSVm9Yq1lOFhVcBZdet,168.093,audio_features,2,-5.198,1,0.0787,0.25,0.83,0.304,0.94,https://api.spotify.com/v1/tracks/5GcdSVm9Yq1lOFhVcBZdet,https://api.spotify.com/v1/audio-analysis/5GcdSVm9Yq1lOFhVcBZdet,266343,4,0.00101,1.76e-06,"['comic', 'pop punk', 'rock', 'texas pop punk']",66,[],46,2015-01-27
17,4cNq5YYWIe7GLD17eTcHHe,5ND0mGcL9SKSjWIjPd0xIb,1mE248x5OCg2ffilAnFI0r,2113,Bowling For Soup,Songs People Actually Liked - Volume 1 - The First 10 Years (1994-2003),False,1,8,spotify:track:4cNq5YYWIe7GLD17eTcHHe,163.057,audio_features,9,-4.425,1,0.046,0.0931,0.717,0.487,0.874,https://api.spotify.com/v1/tracks/4cNq5YYWIe7GLD17eTcHHe,https://api.spotify.com/v1/audio-analysis/4cNq5YYWIe7GLD17eTcHHe,280431,4,0.000242,1.56e-06,"['comic', 'pop punk', 'rock', 'texas pop punk']",66,[],46,2015-01-27
17,4RUypgnS4gcvyFmqCibjgc,5ND0mGcL9SKSjWIjPd0xIb,1mE248x5OCg2ffilAnFI0r,Dance with You,Bowling For Soup,Songs People Actually Liked - Volume 1 - The First 10 Years (1994-2003),False,1,14,spotify:track:4RUypgnS4gcvyFmqCibjgc,154.099,audio_features,0,-5.222,1,0.0598,0.211,0.841,0.536,0.893,https://api.spotify.com/v1/tracks/4RUypgnS4gcvyFmqCibjgc,https://api.spotify.com/v1/audio-analysis/4RUypgnS4gcvyFmqCibjgc,209566,4,0.000538,2.5e-05,"['comic', 'pop punk', 'rock', 'texas pop punk']",66,[],46,2015-01-27
17,6LxaHxHXlahsSyGROh62zQ,5ND0mGcL9SKSjWIjPd0xIb,1mE248x5OCg2ffilAnFI0r,Scope,Bowling For Soup,Songs People Actually Liked - Volume 1 - The First 10 Years (1994-2003),False,1,7,spotify:track:6LxaHxHXlahsSyGROh62zQ,125.681,audio_features,4,-4.384,1,0.0391,0.27,0.717,0.605,0.916,https://api.spotify.com/v1/tracks/6LxaHxHXlahsSyGROh62zQ,https://api.spotify.com/v1/audio-analysis/6LxaHxHXlahsSyGROh62zQ,214350,4,0.0019,0.0,"['comic', 'pop punk', 'rock', 'texas pop punk']",66,[],46,2015-01-27
16,3wuAIE4zNBmJazGrZifAX5,5ND0mGcL9SKSjWIjPd0xIb,1mE248x5OCg2ffilAnFI0r,Pictures He Drew,Bowling For Soup,Songs People Actually Liked - Volume 1 - The First 10 Years (1994-2003),False,1,16,spotify:track:3wuAIE4zNBmJazGrZifAX5,133.531,audio_features,9,-4.896,1,0.0344,0.119,0.7,0.597,0.894,https://api.spotify.com/v1/tracks/3wuAIE4zNBmJazGrZifAX5,https://api.spotify.com/v1/audio-analysis/3wuAIE4zNBmJazGrZifAX5,205278,4,0.000493,0.0,"['comic', 'pop punk', 'rock', 'texas pop punk']",66,[],46,2015-01-27
16,33vr6Sl8518WtTaecvna5I,5ND0mGcL9SKSjWIjPd0xIb,1mE248x5OCg2ffilAnFI0r,Koolaid,Bowling For Soup,Songs People Actually Liked - Volume 1 - The First 10 Years (1994-2003),False,1,15,spotify:track:33vr6Sl8518WtTaecvna5I,168.015,audio_features,11,-4.839,0,0.0567,0.129,0.836,0.43,0.944,https://api.spotify.com/v1/tracks/33vr6Sl8518WtTaecvna5I,https://api.spotify.com/v1/audio-analysis/33vr6Sl8518WtTaecvna5I,222899,4,0.000301,5.95e-06,"['comic', 'pop punk', 'rock', 'texas pop punk']",66,[],46,2015-01-27
15,0xYVdBQkcp80hhFvEMJ9Xu,5ND0mGcL9SKSjWIjPd0xIb,1mE248x5OCg2ffilAnFI0r,Thirteen,Bowling For Soup,Songs People Actually Liked - Volume 1 - The First 10 Years (1994-2003),False,1,13,spotify:track:0xYVdBQkcp80hhFvEMJ9Xu,107.044,audio_features,7,-5.011,1,0.0557,0.0439,0.755,0.531,0.945,https://api.spotify.com/v1/tracks/0xYVdBQkcp80hhFvEMJ9Xu,https://api.spotify.com/v1/audio-analysis/0xYVdBQkcp80hhFvEMJ9Xu,181947,4,1.24e-05,4.29e-05,"['comic', 'pop punk', 'rock', 'texas pop punk']",66,[],46,2015-01-27
15,4J6oVEkibrw2c5cGYQeoU8,5ND0mGcL9SKSjWIjPd0xIb,1mE248x5OCg2ffilAnFI0r,Sandwich,Bowling For Soup,Songs People Actually Liked - Volume 1 - The First 10 Years (1994-2003),False,1,17,spotify:track:4J6oVEkibrw2c5cGYQeoU8,102.051,audio_features,7,-4.925,1,0.0444,0.318,0.84,0.549,0.954,https://api.spotify.com/v1/tracks/4J6oVEkibrw2c5cGYQeoU8,https://api.spotify.com/v1/audio-analysis/4J6oVEkibrw2c5cGYQeoU8,228171,4,0.000138,0.0,"['comic', 'pop punk', 'rock', 'texas pop punk']",66,[],46,2015-01-27
84,6I9VzXrHxO9rA9A5euc8Ak,26dSoYclwsYLMAKD3tpOr4,0z7pVBGOD7HCIB7S8eLkLI,Toxic,Britney Spears,In The Zone,False,1,6,spotify:track:6I9VzXrHxO9rA9A5euc8Ak,143.04,audio_features,5,-3.914,0,0.114,0.242,0.924,0.774,0.838,https://api.spotify.com/v1/tracks/6I9VzXrHxO9rA9A5euc8Ak,https://api.spotify.com/v1/audio-analysis/6I9VzXrHxO9rA9A5euc8Ak,198800,4,0.0249,0.025,"['dance pop', 'pop', 'post-teen pop']",84,[],77,2003-11-13
68,4zP7ADsgJgHGY6VzxbNp1z,7gOdHgIoIKoe4i9Tta6qdD,6X2HirVqcGXjLBShA8GUW2,Year 3000,Jonas Brothers,Music From Chasing Happiness,False,1,4,spotify:track:4zP7ADsgJgHGY6VzxbNp1z,106.965,audio_features,11,-5.85,1,0.0437,0.335,0.798,0.659,0.857,https://api.spotify.com/v1/tracks/4zP7ADsgJgHGY6VzxbNp1z,https://api.spotify.com/v1/audio-analysis/4zP7ADsgJgHGY6VzxbNp1z,201960,4,0.0045,1.93e-06,"['boy band', 'dance pop', 'pop', 'post-teen pop']",82,[],61,2019-05-09
83,0COqiPhxzoWICwFCS4eZcp,5nGIFgo0shDenQYSE0Sn7c,02w1xMzzdF2OJxTeh1basm,Bring Me To Life,Evanescence,Fallen,False,1,2,spotify:track:0COqiPhxzoWICwFCS4eZcp,94.612,audio_features,4,-3.188,0,0.0698,0.242,0.296,0.331,0.943,https://api.spotify.com/v1/tracks/0COqiPhxzoWICwFCS4eZcp,https://api.spotify.com/v1/audio-analysis/0COqiPhxzoWICwFCS4eZcp,235893,4,0.00721,2.06e-06,['alternative metal'],74,[],80,2003-03-04
76,4UzVcXufOhGUwF56HT7b8M,5nGIFgo0shDenQYSE0Sn7c,02w1xMzzdF2OJxTeh1basm,My Immortal,Evanescence,Fallen,False,1,4,spotify:track:4UzVcXufOhGUwF56HT7b8M,79.012,audio_features,9,-9.206,1,0.0356,0.134,0.101,0.19,0.265,https://api.spotify.com/v1/tracks/4UzVcXufOhGUwF56HT7b8M,https://api.spotify.com/v1/audio-analysis/4UzVcXufOhGUwF56HT7b8M,262533,4,0.863,0.0,['alternative metal'],74,[],80,2003-03-04
74,3UygY7qW2cvG9Llkay6i1i,5nGIFgo0shDenQYSE0Sn7c,02w1xMzzdF2OJxTeh1basm,Going Under,Evanescence,Fallen,False,1,1,spotify:track:3UygY7qW2cvG9Llkay6i1i,175.077,audio_features,11,-4.885,0,0.0545,0.229,0.464,0.37,0.858,https://api.spotify.com/v1/tracks/3UygY7qW2cvG9Llkay6i1i,https://api.spotify.com/v1/audio-analysis/3UygY7qW2cvG9Llkay6i1i,214947,4,0.00815,2.12e-05,['alternative metal'],74,[],80,2003-03-04
82,3XVBdLihbNbxUwZosxcGuJ,3DiDSECUqqY1AuBP8qtaIa,6TqRKHLjDu5QZuC8u5Woij,If I Ain't Got You,Alicia Keys,The Diary Of Alicia Keys,False,1,6,spotify:track:3XVBdLihbNbxUwZosxcGuJ,118.402,audio_features,7,-9.129,1,0.106,0.104,0.166,0.609,0.444,https://api.spotify.com/v1/tracks/3XVBdLihbNbxUwZosxcGuJ,https://api.spotify.com/v1/audio-analysis/3XVBdLihbNbxUwZosxcGuJ,228707,3,0.603,6.86e-06,"['hip pop', 'neo soul', 'pop', 'r&b', 'urban contemporary']",82,[],75,2003-12-02
45,38TozZBUSqO5HA4ya6OxZr,1lO13Grp3I1AsIbcACRWvv,7u5VdkpJuSXEWxNq4PdXJ2,Not An Addict,K's Choice,10: 1993-2003 - Ten Years of K's Choice,False,1,2,spotify:track:38TozZBUSqO5HA4ya6OxZr,169.326,audio_features,4,-7.012,1,0.0392,0.121,0.34,0.261,0.645,https://api.spotify.com/v1/tracks/38TozZBUSqO5HA4ya6OxZr,https://api.spotify.com/v1/audio-analysis/38TozZBUSqO5HA4ya6OxZr,288184,4,0.000306,5.15e-05,"['alternative pop', 'belgian rock', 'dutch rock', 'lilith']",46,[],39,2009-10-26
36,2tcCAty2pDlQWeb8TEeS6R,1lO13Grp3I1AsIbcACRWvv,7u5VdkpJuSXEWxNq4PdXJ2,Virgin State Of Mind,K's Choice,10: 1993-2003 - Ten Years of K's Choice,False,1,16,spotify:track:2tcCAty2pDlQWeb8TEeS6R,145.038,audio_features,8,-7.744,0,0.0283,0.389,0.221,0.499,0.581,https://api.spotify.com/v1/tracks/2tcCAty2pDlQWeb8TEeS6R,https://api.spotify.com/v1/audio-analysis/2tcCAty2pDlQWeb8TEeS6R,192811,4,0.0651,0.00559,"['alternative pop', 'belgian rock', 'dutch rock', 'lilith']",46,[],39,2009-10-26
19,4MI75ms8DIMtmsZSxcglHI,1lO13Grp3I1AsIbcACRWvv,7u5VdkpJuSXEWxNq4PdXJ2,Mr. Freeze,K's Choice,10: 1993-2003 - Ten Years of K's Choice,False,1,10,spotify:track:4MI75ms8DIMtmsZSxcglHI,92.507,audio_features,9,-7.418,1,0.032,0.36,0.0398,0.299,0.638,https://api.spotify.com/v1/tracks/4MI75ms8DIMtmsZSxcglHI,https://api.spotify.com/v1/audio-analysis/4MI75ms8DIMtmsZSxcglHI,268775,4,0.00302,5.22e-06,"['alternative pop', 'belgian rock', 'dutch rock', 'lilith']",46,[],39,2009-10-26
74,4RY96Asd9IefaL3X4LOLZ8,3q7HBObVc0L8jNeTe5Gofh,4ycNE7y1rp5215g1kkqk1P,In Da Club,50 Cent,Get Rich Or Die Tryin',True,1,5,spotify:track:4RY96Asd9IefaL3X4LOLZ8,90.059,audio_features,6,-2.776,0,0.347,0.0749,0.805,0.902,0.72,https://api.spotify.com/v1/tracks/4RY96Asd9IefaL3X4LOLZ8,https://api.spotify.com/v1/audio-analysis/4RY96Asd9IefaL3X4LOLZ8,193467,4,0.26,0.0,"['east coast hip hop', 'gangster rap', 'hip hop', 'pop rap', 'queens hip hop', 'rap']",84,[],75,2003-02-06
73,41bIQPBE1lFN0mmw6Lmssz,3q7HBObVc0L8jNeTe5Gofh,4ycNE7y1rp5215g1kkqk1P,21 Questions,50 Cent,Get Rich Or Die Tryin',True,1,14,spotify:track:41bIQPBE1lFN0mmw6Lmssz,90.012,audio_features,6,-3.908,0,0.317,0.0512,0.908,0.576,0.807,https://api.spotify.com/v1/tracks/41bIQPBE1lFN0mmw6Lmssz,https://api.spotify.com/v1/audio-analysis/41bIQPBE1lFN0mmw6Lmssz,224427,4,0.353,0.000363,"['east coast hip hop', 'gangster rap', 'hip hop', 'pop rap', 'queens hip hop', 'rap']",84,[],75,2003-02-06
71,2I9foKseoFQh07p6sD2voE,3q7HBObVc0L8jNeTe5Gofh,4ycNE7y1rp5215g1kkqk1P,Many Men (Wish Death),50 Cent,Get Rich Or Die Tryin',True,1,4,spotify:track:2I9foKseoFQh07p6sD2voE,108.52,audio_features,6,-2.93,0,0.354,0.131,0.416,0.653,0.826,https://api.spotify.com/v1/tracks/2I9foKseoFQh07p6sD2voE,https://api.spotify.com/v1/audio-analysis/2I9foKseoFQh07p6sD2voE,256227,5,0.0153,0.00146,"['east coast hip hop', 'gangster rap', 'hip hop', 'pop rap', 'queens hip hop', 'rap']",84,[],75,2003-02-06
69,2D1hlMwWWXpkc3CZJ5U351,3q7HBObVc0L8jNeTe5Gofh,4ycNE7y1rp5215g1kkqk1P,P.I.M.P.,50 Cent,Get Rich Or Die Tryin',True,1,11,spotify:track:2D1hlMwWWXpkc3CZJ5U351,78.693,audio_features,10,-3.012,0,0.342,0.0401,0.889,0.7,0.758,https://api.spotify.com/v1/tracks/2D1hlMwWWXpkc3CZJ5U351,https://api.spotify.com/v1/audio-analysis/2D1hlMwWWXpkc3CZJ5U351,249467,4,0.0444,1.3e-05,"['east coast hip hop', 'gangster rap', 'hip hop', 'pop rap', 'queens hip hop', 'rap']",84,[],75,2003-02-06
73,1oTo3ijRbaDAtrjJrGAPSw,6FBDaR13swtiWwGhX1WQsP,6DMUAqxiFfLdqXv0vqcrQA,I Miss You,blink-182,blink-182,False,1,3,spotify:track:1oTo3ijRbaDAtrjJrGAPSw,110.0,audio_features,11,-6.547,1,0.0339,0.0867,0.593,0.664,0.781,https://api.spotify.com/v1/tracks/1oTo3ijRbaDAtrjJrGAPSw,https://api.spotify.com/v1/audio-analysis/1oTo3ijRbaDAtrjJrGAPSw,227240,4,0.00103,5.33e-06,"['pop punk', 'punk', 'rock', 'socal pop punk']",79,[],66,2003-01-01
75,23oxJmDc1V9uLUSmN2LIvx,3zxKH0qp3nBCuPZCZT5Vaf,24IBCzEJlHBI0ioxlSuSPA,Ocean Avenue,Yellowcard,Ocean Avenue,False,1,3,spotify:track:23oxJmDc1V9uLUSmN2LIvx,173.734,audio_features,6,-3.751,0,0.0638,0.0947,0.786,0.486,0.904,https://api.spotify.com/v1/tracks/23oxJmDc1V9uLUSmN2LIvx,https://api.spotify.com/v1/audio-analysis/23oxJmDc1V9uLUSmN2LIvx,198267,4,3.43e-05,2.83e-05,"['bow pop', 'pop punk', 'rock', 'socal pop punk']",65,[],71,2003-01-01
77,27L8sESb3KR79asDUBu8nW,1pgtr4nhBQjp9oCUBPyYWh,6TZp52tXShLQbq8yNMxqNT,Stacy's Mom,Fountains Of Wayne,Welcome Interstate Managers,False,1,3,spotify:track:27L8sESb3KR79asDUBu8nW,118.015,audio_features,11,-4.927,0,0.0412,0.0808,0.927,0.774,0.75,https://api.spotify.com/v1/tracks/27L8sESb3KR79asDUBu8nW,https://api.spotify.com/v1/audio-analysis/27L8sESb3KR79asDUBu8nW,197987,4,0.00207,1.78e-05,"['alternative rock', 'pop rock', 'power pop']",62,[],69,2003-01-01
78,5IVuqXILoxVWvWEPm82Jxr,6vWDO969PvNqNYHIOW5v0m,6oxVabMIqCMJRYN1GqR3Vf,Crazy In Love (feat. Jay-Z),Beyoncé,Dangerously In Love,False,1,1,spotify:track:5IVuqXILoxVWvWEPm82Jxr,99.165,audio_features,2,-6.596,0,0.226,0.0715,0.681,0.646,0.77,https://api.spotify.com/v1/tracks/5IVuqXILoxVWvWEPm82Jxr,https://api.spotify.com/v1/audio-analysis/5IVuqXILoxVWvWEPm82Jxr,236133,4,0.00249,0.0,"['dance pop', 'pop', 'r&b']",86,[],74,2003-06-24
77,6Nq5lE0CeOAAAqN4qhkbZU,12PSlydMSjEHzSCj9X5qv7,42LlDinsxjsByAqqpZXRp4,Suga Suga,Baby Bash,Tha Smokin' Nephew,False,1,1,spotify:track:6Nq5lE0CeOAAAqN4qhkbZU,82.331,audio_features,5,-3.041,0,0.268,0.0841,0.535,0.662,0.748,https://api.spotify.com/v1/tracks/6Nq5lE0CeOAAAqN4qhkbZU,https://api.spotify.com/v1/audio-analysis/6Nq5lE0CeOAAAqN4qhkbZU,239027,4,0.688,8.43e-06,"['chicano rap', 'dance pop', 'gangster rap', 'hip hop', 'hip pop', 'latin hip hop', 'pop rap', 'r&b', 'rap', 'southern hip hop', 'texas latin rap', 'urban contemporary']",66,[],69,2003-01-01
82,77loZpT5Y5PRP1S451P9Yz,2MqhkhX4npxDZ62ObR5ELO,2zE1YKY7Okj10Tjl09jjth,The Reason,Hoobastank,The Reason (15th Anniversary Deluxe),False,1,8,spotify:track:77loZpT5Y5PRP1S451P9Yz,82.952,audio_features,4,-4.649,1,0.029,0.159,0.0681,0.472,0.671,https://api.spotify.com/v1/tracks/77loZpT5Y5PRP1S451P9Yz,https://api.spotify.com/v1/audio-analysis/77loZpT5Y5PRP1S451P9Yz,232800,4,0.0129,0.0,"['alternative metal', 'funk metal', 'nu metal', 'pop rock', 'post-grunge', 'rap rock', 'rock']",68,[],75,2003-12-09
76,0M955bMOoilikPXwKLYpoi,2xiIXseIJcq3nG7C8fHeBj,13topfW33NjnACjnRiZBX7,I Hate Everything About You,Three Days Grace,Three Days Grace,False,1,3,spotify:track:0M955bMOoilikPXwKLYpoi,89.342,audio_features,6,-5.157,0,0.0421,0.139,0.453,0.498,0.83,https://api.spotify.com/v1/tracks/0M955bMOoilikPXwKLYpoi,https://api.spotify.com/v1/audio-analysis/0M955bMOoilikPXwKLYpoi,231480,4,0.00461,0.0,"['alternative metal', 'canadian metal', 'canadian rock', 'nu metal', 'post-grunge']",77,[],69,2003-04-19
75,6rUp7v3l8yC4TKxAAR5Bmx,2xiIXseIJcq3nG7C8fHeBj,38pfSOHvxHqDWwDnjZ25U5,I Hate Everything About You,Three Days Grace,Three Days Grace (Expanded Edition),False,1,3,spotify:track:6rUp7v3l8yC4TKxAAR5Bmx,89.342,audio_features,6,-5.157,0,0.0421,0.139,0.453,0.498,0.83,https://api.spotify.com/v1/tracks/6rUp7v3l8yC4TKxAAR5Bmx,https://api.spotify.com/v1/audio-analysis/6rUp7v3l8yC4TKxAAR5Bmx,231480,4,0.00461,0.0,"['alternative metal', 'canadian metal', 'canadian rock', 'nu metal', 'post-grunge']",77,[],69,2003-07-22
28,3NIdC011vUm4yR8jsClEsB,1fBCIkoPOPCDLUxGuWNvyo,6t8MO7WPlhgakTE22CbrYy,Every Rose Has Its Thorn - Remastered 2003,Poison,The Best Of - 20 Years Of Rock,False,1,8,spotify:track:3NIdC011vUm4yR8jsClEsB,140.168,audio_features,6,-5.556,1,0.0332,0.372,0.286,0.534,0.647,https://api.spotify.com/v1/tracks/3NIdC011vUm4yR8jsClEsB,https://api.spotify.com/v1/audio-analysis/3NIdC011vUm4yR8jsClEsB,260160,4,0.161,1.13e-05,"['album rock', 'classic rock', 'glam metal', 'hard rock', 'rock']",66,[],42,2006-01-01
30,1dAseFYuF6djMDf4GgWj5p,1w5Kfo2jwwIPruYS2UWh56,1G1R5dY01DSyti3NaWnOp3,Light Years,Pearl Jam,rearviewmirror (greatest hits 1991-2003),False,2,14,spotify:track:1dAseFYuF6djMDf4GgWj5p,204.586,audio_features,7,-6.144,1,0.0347,0.129,0.744,0.377,0.74,https://api.spotify.com/v1/tracks/1dAseFYuF6djMDf4GgWj5p,https://api.spotify.com/v1/audio-analysis/1dAseFYuF6djMDf4GgWj5p,310027,4,0.024,0.11,"['grunge', 'permanent wave', 'rock']",78,[],59,2004-11-16
78,305WCRhhS10XUcH6AEwZk6,5ypxebeHEIXjMtJb17uJlI,6NrLpQCPYrNS3kVWxDgIlg,Are You Gonna Be My Girl,Jet,Get Born,False,1,2,spotify:track:305WCRhhS10XUcH6AEwZk6,105.046,audio_features,2,-3.435,1,0.0855,0.152,0.537,0.613,0.953,https://api.spotify.com/v1/tracks/305WCRhhS10XUcH6AEwZk6,https://api.spotify.com/v1/audio-analysis/305WCRhhS10XUcH6AEwZk6,213800,4,0.00148,0.000582,"['alternative rock', 'modern rock', 'rock']",65,[],71,2003-09-15
20,3sFnl006IiPLSkEbDB8itt,0cQuYRSzlItquYxsQKDvVc,6RYVsMUeEr6HkhTopi6xTp,Ballad Of The Last Five Years - 2003 Remastered,The Guess Who,Road Food,False,1,9,spotify:track:3sFnl006IiPLSkEbDB8itt,124.417,audio_features,9,-12.61,1,0.0292,0.121,0.555,0.597,0.517,https://api.spotify.com/v1/tracks/3sFnl006IiPLSkEbDB8itt,https://api.spotify.com/v1/audio-analysis/3sFnl006IiPLSkEbDB8itt,434960,4,0.405,0.0011,"['album rock', 'art rock', 'blues rock', 'classic canadian rock', 'classic rock', 'country rock', 'folk rock', 'hard rock', 'heartland rock', 'mellow gold', 'rock', 'soft rock']",59,[],36,1974-04-01
77,57Xjny5yNzAcsxnusKmAfA,0epOFNiUfyON9EYx7Tpr6V,3HFbH1loOUbqCyPsLuHLLh,Reptilia,The Strokes,Room On Fire,False,1,2,spotify:track:57Xjny5yNzAcsxnusKmAfA,158.009,audio_features,9,-5.11,1,0.0336,0.101,0.77,0.489,0.649,https://api.spotify.com/v1/tracks/57Xjny5yNzAcsxnusKmAfA,https://api.spotify.com/v1/audio-analysis/57Xjny5yNzAcsxnusKmAfA,219827,4,0.000603,0.713,"['alternative rock', 'garage rock', 'modern rock', 'permanent wave', 'rock']",79,[],73,2003-10-28
70,44NRdYQw7P0GWuiunRv3hr,6gZq1Q6bdOxsUPUG1TaFbF,7xhudjssYTY8qRl1s9R3wu,I Stand Alone,Godsmack,Faceless,False,1,5,spotify:track:44NRdYQw7P0GWuiunRv3hr,167.169,audio_features,8,-4.479,1,0.0628,0.102,0.376,0.217,0.92,https://api.spotify.com/v1/tracks/44NRdYQw7P0GWuiunRv3hr,https://api.spotify.com/v1/audio-analysis/44NRdYQw7P0GWuiunRv3hr,246040,4,2.86e-05,0.0,"['alternative metal', 'nu metal', 'post-grunge', 'rap metal', 'rock']",70,[],62,2003-04-08
70,0r8iDf65NHgFgZOGLwj5r8,7x8nK0m0cP2ksQf0mjWdPS,2yeODPn8igz9qQiitOZRyJ,What Was I Thinkin',Dierks Bentley,Dierks Bentley,False,1,1,spotify:track:0r8iDf65NHgFgZOGLwj5r8,164.857,audio_features,5,-6.24,0,0.044,0.0999,0.933,0.551,0.825,https://api.spotify.com/v1/tracks/0r8iDf65NHgFgZOGLwj5r8,https://api.spotify.com/v1/audio-analysis/0r8iDf65NHgFgZOGLwj5r8,260827,4,0.152,6.2e-06,"['contemporary country', 'country', 'country road']",72,[],62,2003-01-01
36,4es4NOPlk0gExlzaT15CBr,76gauxdapMkInaQG5fl2Xv,6rBmFE9OH7SFAL3N6ZQD6u,Koprolalie,Agonoize,Reborn in Darkness - The Bloody Years 2003-2014: Vol. 1 - The Best Of,True,1,10,spotify:track:4es4NOPlk0gExlzaT15CBr,139.983,audio_features,7,-7.077,1,0.0319,0.116,0.719,0.575,0.899,https://api.spotify.com/v1/tracks/4es4NOPlk0gExlzaT15CBr,https://api.spotify.com/v1/audio-analysis/4es4NOPlk0gExlzaT15CBr,290707,4,0.0218,0.348,"['aggrotech', 'dark electro', 'ebm', 'electro-industrial']",34,[],36,2014-12-19
33,4tbDak1goesgKYowBFSQHr,76gauxdapMkInaQG5fl2Xv,6rBmFE9OH7SFAL3N6ZQD6u,Bis das Blut gefriert,Agonoize,Reborn in Darkness - The Bloody Years 2003-2014: Vol. 1 - The Best Of,True,1,1,spotify:track:4tbDak1goesgKYowBFSQHr,139.992,audio_features,6,-5.268,0,0.0615,0.386,0.208,0.528,0.996,https://api.spotify.com/v1/tracks/4tbDak1goesgKYowBFSQHr,https://api.spotify.com/v1/audio-analysis/4tbDak1goesgKYowBFSQHr,283686,4,5.69e-05,0.0175,"['aggrotech', 'dark electro', 'ebm', 'electro-industrial']",34,[],36,2014-12-19
30,3pEY2GmuarossoE2UEAuxa,76gauxdapMkInaQG5fl2Xv,6rBmFE9OH7SFAL3N6ZQD6u,Glaubenskrieger,Agonoize,Reborn in Darkness - The Bloody Years 2003-2014: Vol. 1 - The Best Of,True,1,13,spotify:track:3pEY2GmuarossoE2UEAuxa,115.029,audio_features,2,-6.692,1,0.0446,0.135,0.844,0.582,0.945,https://api.spotify.com/v1/tracks/3pEY2GmuarossoE2UEAuxa,https://api.spotify.com/v1/audio-analysis/3pEY2GmuarossoE2UEAuxa,241950,4,0.00561,0.088,"['aggrotech', 'dark electro', 'ebm', 'electro-industrial']",34,[],36,2014-12-19
25,5XVBa9dMA6ZoFAW6RuhJkH,76gauxdapMkInaQG5fl2Xv,6rBmFE9OH7SFAL3N6ZQD6u,Femme Fatale,Agonoize,Reborn in Darkness - The Bloody Years 2003-2014: Vol. 1 - The Best Of,True,1,14,spotify:track:5XVBa9dMA6ZoFAW6RuhJkH,135.995,audio_features,11,-6.545,1,0.0475,0.119,0.465,0.588,0.989,https://api.spotify.com/v1/tracks/5XVBa9dMA6ZoFAW6RuhJkH,https://api.spotify.com/v1/audio-analysis/5XVBa9dMA6ZoFAW6RuhJkH,304795,4,0.00344,0.778,"['aggrotech', 'dark electro', 'ebm', 'electro-industrial']",34,[],36,2014-12-19
74,1A5V1sxyCLpKJezp75tUXn,1TqQi97nqeiuOJrIFv5Sw0,4JDBx5wQ82jb8PjLYPBP8L,Closing Time,Semisonic,20th Century Masters: The Millennium Collection: Best Of Semisonic,False,1,1,spotify:track:1A5V1sxyCLpKJezp75tUXn,91.854,audio_features,7,-5.454,1,0.0289,0.115,0.274,0.478,0.854,https://api.spotify.com/v1/tracks/1A5V1sxyCLpKJezp75tUXn,https://api.spotify.com/v1/audio-analysis/1A5V1sxyCLpKJezp75tUXn,274160,4,0.0204,1.21e-06,['pop rock'],61,[],66,2003-01-01
14,49B8eOkcPeuTndKzJg2Y8K,4waVkajgwOEWxLZqpVbnfV,13ztNERFD0wbtM0Qehfx70,The Year 2003 Minus 25,Keller & The Keels,Thief,False,1,13,spotify:track:49B8eOkcPeuTndKzJg2Y8K,114.721,audio_features,9,-7.997,1,0.0287,0.262,0.458,0.551,0.534,https://api.spotify.com/v1/tracks/49B8eOkcPeuTndKzJg2Y8K,https://api.spotify.com/v1/audio-analysis/49B8eOkcPeuTndKzJg2Y8K,218773,4,0.69,1.65e-05,"['jam band', 'jamgrass', 'progressive bluegrass']",34,[],34,2010-05-25
79,69Ej1xrGjOcHvIMtMKxK0G,33ScadVnbm2X8kkUqOkC6Z,4vOvr0tdZWoIGjnHe9jLqz,Dile,Don Omar,The Last Don,False,1,4,spotify:track:69Ej1xrGjOcHvIMtMKxK0G,94.001,audio_features,4,-7.501,0,0.141,0.042,0.714,0.817,0.714,https://api.spotify.com/v1/tracks/69Ej1xrGjOcHvIMtMKxK0G,https://api.spotify.com/v1/audio-analysis/69Ej1xrGjOcHvIMtMKxK0G,204600,4,0.184,0.000132,"['latin', 'latin hip hop', 'puerto rican pop', 'reggaeton', 'trap latino']",83,[],74,2003-01-01
18,6EnK6UKK3SQJYTj7HAyYm3,4N55TE3vFODMR4BX5B9fnM,6vtypIu7gpGtzwzEHxjlKI,The Year Is 2003,Waveshaper,Lost Shapes,False,1,8,spotify:track:6EnK6UKK3SQJYTj7HAyYm3,130.011,audio_features,9,-11.832,0,0.0435,0.0808,0.732,0.804,0.509,https://api.spotify.com/v1/tracks/6EnK6UKK3SQJYTj7HAyYm3,https://api.spotify.com/v1/audio-analysis/6EnK6UKK3SQJYTj7HAyYm3,169300,4,0.0897,0.861,"['chillsynth', 'spacewave', 'synthwave']",51,[],30,2018-04-16
15,2f9TDmLw8MP06Gei1GiHju,4N55TE3vFODMR4BX5B9fnM,6rCQLCULx4d90uV2p220Rf,The Year Is 2003 (Oscillian Remix),Waveshaper,Lost Shapes Reinvented,False,1,4,spotify:track:2f9TDmLw8MP06Gei1GiHju,102.057,audio_features,7,-8.412,1,0.0365,0.085,0.181,0.537,0.856,https://api.spotify.com/v1/tracks/2f9TDmLw8MP06Gei1GiHju,https://api.spotify.com/v1/audio-analysis/2f9TDmLw8MP06Gei1GiHju,209167,4,0.0403,0.94,"['chillsynth', 'spacewave', 'synthwave']",51,[],23,2018-11-02
72,3CNqo3gYrfexdrtjFmC9he,1yxSLGMDHlW21z4YXirZDS,4wBDclsxFzGnR4kVAAMI7K,Where Is The Love?,Black Eyed Peas,Elephunk,False,1,13,spotify:track:3CNqo3gYrfexdrtjFmC9he,94.09,audio_features,5,-3.224,1,0.197,0.13,0.804,0.834,0.696,https://api.spotify.com/v1/tracks/3CNqo3gYrfexdrtjFmC9he,https://api.spotify.com/v1/audio-analysis/3CNqo3gYrfexdrtjFmC9he,272533,4,0.11,0.0,"['dance pop', 'pop', 'pop rap']",82,[],68,2003
70,5cxnSTLzGD1t9xcdmJYFVB,3hyGGjxu73JuzBa757H6R5,6g3n0C6d4v81DnDheoLMvX,No Children,The Mountain Goats,Tallahassee,False,1,7,spotify:track:5cxnSTLzGD1t9xcdmJYFVB,84.94,audio_features,1,-7.566,1,0.0414,0.103,0.412,0.607,0.411,https://api.spotify.com/v1/tracks/5cxnSTLzGD1t9xcdmJYFVB,https://api.spotify.com/v1/audio-analysis/5cxnSTLzGD1t9xcdmJYFVB,168307,4,0.603,0.000671,"['alternative rock', 'anti-folk', 'freak folk', 'indie folk', 'indie pop', 'indie rock', 'lo-fi', 'melancholia', 'new weird america', 'stomp and holler']",62,[],63,2003-01-27
69,420JGkyLfLUZcgBHKiIK9v,70BYFdaZbEKbeauJ670ysI,0gLVNSNAW4ghjFqHMDFA3l,45,Shinedown,Leave a Whisper (Deluxe Edition),False,1,12,spotify:track:420JGkyLfLUZcgBHKiIK9v,152.132,audio_features,7,-4.494,1,0.0262,0.189,0.215,0.446,0.657,https://api.spotify.com/v1/tracks/420JGkyLfLUZcgBHKiIK9v,https://api.spotify.com/v1/audio-analysis/420JGkyLfLUZcgBHKiIK9v,250093,3,0.0022,0.0,"['alternative metal', 'nu metal', 'post-grunge']",73,[],68,2003-05-27
68,3EZzghqykkfOB0Z8d0kTSt,0XKOBt59crntr7HQXXO8Yz,3fVrL1hr7JAWTeFYW0akdf,Red Dirt Road,Brooks & Dunn,Red Dirt Road,False,1,5,spotify:track:3EZzghqykkfOB0Z8d0kTSt,136.12,audio_features,5,-3.798,1,0.0403,0.116,0.479,0.555,0.868,https://api.spotify.com/v1/tracks/3EZzghqykkfOB0Z8d0kTSt,https://api.spotify.com/v1/audio-analysis/3EZzghqykkfOB0Z8d0kTSt,260360,4,0.0664,0.000117,"['contemporary country', 'country', 'country road', 'country rock']",73,[],60,2003-07-15
68,6ihObRBTB8xdSH2mlERtOX,0rG0AZBscc8S8q1ahIsasI,1JfdhweOku5xDD78eiid4A,Slow Motion,JUVENILE,Juve The Great,True,1,17,spotify:track:6ihObRBTB8xdSH2mlERtOX,172.872,audio_features,0,-4.894,0,0.325,0.0687,0.89,0.713,0.734,https://api.spotify.com/v1/tracks/6ihObRBTB8xdSH2mlERtOX,https://api.spotify.com/v1/audio-analysis/6ihObRBTB8xdSH2mlERtOX,248200,4,0.548,0.0,"['bounce', 'crunk', 'dirty south rap', 'gangster rap', 'hip hop', 'new orleans rap', 'pop rap', 'rap', 'southern hip hop', 'trap']",63,[],60,2003-01-01
75,0LNn2O06dvsZqvWaS870xJ,16kOCiqZ1auY4sokSeZuKf,5UDp9amJcdxcM86mM0Hwiy,Tu Cárcel,Los Bukis,Me Volvi A Acordar De Ti,False,1,1,spotify:track:0LNn2O06dvsZqvWaS870xJ,100.027,audio_features,7,-13.603,1,0.0279,0.0764,0.864,0.815,0.61,https://api.spotify.com/v1/tracks/0LNn2O06dvsZqvWaS870xJ,https://api.spotify.com/v1/audio-analysis/0LNn2O06dvsZqvWaS870xJ,212227,4,0.355,0.0,"['grupera', 'gruperas inmortales', 'regional mexican', 'tropical']",75,[],70,2003-01-01
23,1kPFFTZge6OhqkZF77KY4Q,5s6TJEuHTr9GR894wc6VfP,3fsuUekVTVRclF4p7IRan2,Save the Last Dance for Me - 2003 Remaster,Emmylou Harris,Emmylou Harris Anthology: The Warner/Reprise Years,False,1,13,spotify:track:1kPFFTZge6OhqkZF77KY4Q,107.057,audio_features,5,-10.104,1,0.0254,0.0874,0.543,0.596,0.366,https://api.spotify.com/v1/tracks/1kPFFTZge6OhqkZF77KY4Q,https://api.spotify.com/v1/audio-analysis/1kPFFTZge6OhqkZF77KY4Q,224173,4,0.462,5.27e-05,"['country rock', 'folk', 'folk rock', 'lilith', 'melancholia', 'mellow gold', 'roots rock', 'singer-songwriter']",63,[],38,2001-04-20
21,2BI3Moh2LRbn82yhoV8J2b,5s6TJEuHTr9GR894wc6VfP,3fsuUekVTVRclF4p7IRan2,You Never Can Tell (C'est la Vie) - 2003 Remaster,Emmylou Harris,Emmylou Harris Anthology: The Warner/Reprise Years,False,1,8,spotify:track:2BI3Moh2LRbn82yhoV8J2b,140.836,audio_features,10,-8.012,1,0.0294,0.125,0.915,0.7,0.728,https://api.spotify.com/v1/tracks/2BI3Moh2LRbn82yhoV8J2b,https://api.spotify.com/v1/audio-analysis/2BI3Moh2LRbn82yhoV8J2b,208773,4,0.0379,0.0244,"['country rock', 'folk', 'folk rock', 'lilith', 'melancholia', 'mellow gold', 'roots rock', 'singer-songwriter']",63,[],38,2001-04-20
18,74xTZxxtCvULJtAlwlOUBc,5s6TJEuHTr9GR894wc6VfP,3fsuUekVTVRclF4p7IRan2,Beneath Still Waters - 2003 Remaster,Emmylou Harris,Emmylou Harris Anthology: The Warner/Reprise Years,False,1,14,spotify:track:74xTZxxtCvULJtAlwlOUBc,73.647,audio_features,2,-9.823,1,0.0276,0.122,0.294,0.48,0.347,https://api.spotify.com/v1/tracks/74xTZxxtCvULJtAlwlOUBc,https://api.spotify.com/v1/audio-analysis/74xTZxxtCvULJtAlwlOUBc,222947,4,0.694,0.000661,"['country rock', 'folk', 'folk rock', 'lilith', 'melancholia', 'mellow gold', 'roots rock', 'singer-songwriter']",63,[],38,2001-04-20
19,5vP5MTuuKZYNNLNpcR3Ylg,5s6TJEuHTr9GR894wc6VfP,3fsuUekVTVRclF4p7IRan2,To Daddy - 2003 Remaster,Emmylou Harris,Emmylou Harris Anthology: The Warner/Reprise Years,False,1,11,spotify:track:5vP5MTuuKZYNNLNpcR3Ylg,80.726,audio_features,8,-13.003,1,0.047,0.102,0.346,0.607,0.308,https://api.spotify.com/v1/tracks/5vP5MTuuKZYNNLNpcR3Ylg,https://api.spotify.com/v1/audio-analysis/5vP5MTuuKZYNNLNpcR3Ylg,166600,4,0.775,0.0,"['country rock', 'folk', 'folk rock', 'lilith', 'melancholia', 'mellow gold', 'roots rock', 'singer-songwriter']",63,[],38,2001-04-20
14,3Sez5FvH2kcZe8HvJCcu7m,5s6TJEuHTr9GR894wc6VfP,3fsuUekVTVRclF4p7IRan2,Blue Kentucky Girl - 2003 Remaster,Emmylou Harris,Emmylou Harris Anthology: The Warner/Reprise Years,False,1,15,spotify:track:3Sez5FvH2kcZe8HvJCcu7m,112.468,audio_features,5,-11.453,1,0.0298,0.13,0.501,0.593,0.374,https://api.spotify.com/v1/tracks/3Sez5FvH2kcZe8HvJCcu7m,https://api.spotify.com/v1/audio-analysis/3Sez5FvH2kcZe8HvJCcu7m,200933,4,0.574,0.0,"['country rock', 'folk', 'folk rock', 'lilith', 'melancholia', 'mellow gold', 'roots rock', 'singer-songwriter']",63,[],38,2001-04-20
79,5YJ4BVvTFmVCxUyhKejHfR,3SUT1jjM5hzZj9TLfLZGIP,6Q1kiSijkaHwoCwZUHW6IY,Pa' Que Retozen,Tego Calderon,El Abayarde,True,1,5,spotify:track:5YJ4BVvTFmVCxUyhKejHfR,91.995,audio_features,1,-3.825,0,0.122,0.244,0.872,0.815,0.856,https://api.spotify.com/v1/tracks/5YJ4BVvTFmVCxUyhKejHfR,https://api.spotify.com/v1/audio-analysis/5YJ4BVvTFmVCxUyhKejHfR,151667,4,0.4,8.34e-05,"['latin', 'latin hip hop', 'rap boricua', 'reggaeton', 'trap latino']",73,[],73,2003-07-01
45,2Es7MTbQ5pFHk4nRW0ZbTF,5Fr2hRHMxRV2Lu0Gnov3an,2Vy0jT9LDAOo1xy4OeX5Ww,Big Orgus - Original 2003,DJ Furax,20 Years of Music,False,1,1,spotify:track:2Es7MTbQ5pFHk4nRW0ZbTF,139.653,audio_features,9,-9.795,0,0.0936,0.27,0.4,0.836,0.81,https://api.spotify.com/v1/tracks/2Es7MTbQ5pFHk4nRW0ZbTF,https://api.spotify.com/v1/audio-analysis/2Es7MTbQ5pFHk4nRW0ZbTF,222067,4,0.0137,0.625,"['belgian dance', 'jumpstyle']",35,[],40,2013
70,0l3GEbH3CviUytD6iX4wzg,3s2wTjWxK8NOX09dmsvVOh,0Hv5X7RRaM7F3hfAq0YmzB,Right Thurr,Chingy,Jackpot,True,1,4,spotify:track:0l3GEbH3CviUytD6iX4wzg,92.074,audio_features,2,-3.977,1,0.253,0.0614,0.891,0.866,0.749,https://api.spotify.com/v1/tracks/0l3GEbH3CviUytD6iX4wzg,https://api.spotify.com/v1/audio-analysis/0l3GEbH3CviUytD6iX4wzg,250747,4,0.15,0.0,"['crunk', 'dance pop', 'dirty south rap', 'gangster rap', 'hip hop', 'hip pop', 'pop rap', 'rap', 'southern hip hop', 'urban contemporary']",62,[],67,2003-01-01
72,5dNfHmqgr128gMY2tc5CeJ,2mxe0TnaNL039ysAj51xPQ,35Ea7OWXZPZB1vAPiaEGOM,Ignition - Remix,R. Kelly,Chocolate Factory,False,1,10,spotify:track:5dNfHmqgr128gMY2tc5CeJ,133.024,audio_features,1,-7.165,1,0.0423,0.0914,0.855,0.795,0.523,https://api.spotify.com/v1/tracks/5dNfHmqgr128gMY2tc5CeJ,https://api.spotify.com/v1/audio-analysis/5dNfHmqgr128gMY2tc5CeJ,186067,4,0.061,0.0,[],70,[],65,2003
68,6NhpIdjYoufuNNlBsgOztc,7qvsLYsYP0MHD7jkdv6DAG,4Wx0gVzxrbRgxcaJ0M02Ik,Suds in the Bucket,Sara Evans,Restless,False,1,13,spotify:track:6NhpIdjYoufuNNlBsgOztc,161.992,audio_features,10,-3.163,1,0.0397,0.304,0.898,0.511,0.903,https://api.spotify.com/v1/tracks/6NhpIdjYoufuNNlBsgOztc,https://api.spotify.com/v1/audio-analysis/6NhpIdjYoufuNNlBsgOztc,227267,4,0.052,0.000529,"['contemporary country', 'country', 'country dawn', 'country gospel', 'country road']",60,[],60,2003-08-17
69,6FOpPA0a80RuBqqgDozvja,5KDIH2gF0VpelTqyQS7udb,6PntFOrFJdHpXE9xzjhkyR,So Far Away,Staind,14 Shades of Grey,False,1,3,spotify:track:6FOpPA0a80RuBqqgDozvja,138.697,audio_features,6,-2.935,1,0.063,0.196,0.156,0.407,0.896,https://api.spotify.com/v1/tracks/6FOpPA0a80RuBqqgDozvja,https://api.spotify.com/v1/audio-analysis/6FOpPA0a80RuBqqgDozvja,243573,3,0.012,0.0,"['alternative metal', 'nu metal', 'post-grunge', 'rap rock', 'rock']",67,[],62,2003-05-13
14,13IXHqrUpm2Im1IFCYfiYq,0c3RL3vVEgfxD6VBv7CGak,3f6Y5i6HOeg5SpT5PUEm0e,A Year In The Life - 2003 Remastered Version,The Groundhogs,Split,False,1,6,spotify:track:13IXHqrUpm2Im1IFCYfiYq,118.324,audio_features,2,-10.856,1,0.0394,0.0911,0.105,0.423,0.377,https://api.spotify.com/v1/tracks/13IXHqrUpm2Im1IFCYfiYq,https://api.spotify.com/v1/audio-analysis/13IXHqrUpm2Im1IFCYfiYq,195493,4,0.0205,0.00677,"['blues rock', 'british blues', 'psychedelic blues-rock', 'psychedelic rock', 'pub rock']",34,[],34,1971
72,4PkJ7c9y1CwpuVOiJODnCZ,6deZN1bslXzeGvOLaLMOIF,4fygErqiNgFUic5hU42Z3E,Someday,Nickelback,The Long Road,False,1,3,spotify:track:4PkJ7c9y1CwpuVOiJODnCZ,163.118,audio_features,11,-5.659,0,0.0391,0.226,0.597,0.455,0.858,https://api.spotify.com/v1/tracks/4PkJ7c9y1CwpuVOiJODnCZ,https://api.spotify.com/v1/audio-analysis/4PkJ7c9y1CwpuVOiJODnCZ,207467,4,0.000616,0.000247,"['alternative metal', 'canadian rock', 'nu metal', 'post-grunge']",78,[],66,2003-09-23
73,6RUpJeXT6U4SPEafnr9Wr7,1HwM5zlC5qNWhJtM00yXzG,0FeqrLI13XnYNY1s414uQd,Where The Hood At,DMX,Grand Champ,True,1,3,spotify:track:6RUpJeXT6U4SPEafnr9Wr7,186.151,audio_features,8,-3.063,1,0.355,0.356,0.792,0.537,0.948,https://api.spotify.com/v1/tracks/6RUpJeXT6U4SPEafnr9Wr7,https://api.spotify.com/v1/audio-analysis/6RUpJeXT6U4SPEafnr9Wr7,286267,4,0.151,0.0,"['east coast hip hop', 'gangster rap', 'hardcore hip hop', 'hip hop', 'pop rap', 'rap']",74,[],66,2003-01-01
19,3jKjOSlgx2uw2kzCXjp15F,7gTbq5nTZGQIUgjEGXQpOS,2CXf7PQ6aQUzwcwPTuliRK,Wings of Despair,Kamelot,Where I Reign: The Very Best of the Noise Years 1995-2003,False,1,20,spotify:track:3jKjOSlgx2uw2kzCXjp15F,169.938,audio_features,1,-5.406,0,0.115,0.303,0.22,0.221,0.976,https://api.spotify.com/v1/tracks/3jKjOSlgx2uw2kzCXjp15F,https://api.spotify.com/v1/audio-analysis/3jKjOSlgx2uw2kzCXjp15F,270547,4,0.00226,0.0,"['gothic symphonic metal', 'melodic metal', 'metal', 'neo classical metal', 'power metal', 'progressive metal', 'symphonic metal']",54,[],24,2016-05-13
17,46T0ADnhsgGrkN6mCudZhD,7gTbq5nTZGQIUgjEGXQpOS,2CXf7PQ6aQUzwcwPTuliRK,The Spell,Kamelot,Where I Reign: The Very Best of the Noise Years 1995-2003,False,1,21,spotify:track:46T0ADnhsgGrkN6mCudZhD,95.032,audio_features,1,-4.963,1,0.0319,0.18,0.51,0.567,0.889,https://api.spotify.com/v1/tracks/46T0ADnhsgGrkN6mCudZhD,https://api.spotify.com/v1/audio-analysis/46T0ADnhsgGrkN6mCudZhD,258693,4,0.0063,6.54e-06,"['gothic symphonic metal', 'melodic metal', 'metal', 'neo classical metal', 'power metal', 'progressive metal', 'symphonic metal']",54,[],24,2016-05-13
71,69IABZ0ngAYQAdQZkLLpDT,7IETOwHkFS63Im4pUt25oA,4QAKUrQmCazrIqZKBIkNuK,Spaceship,wintrs,Spaceship,True,1,1,spotify:track:69IABZ0ngAYQAdQZkLLpDT,81.287,audio_features,8,-9.744,1,0.198,0.109,0.149,0.759,0.376,https://api.spotify.com/v1/tracks/69IABZ0ngAYQAdQZkLLpDT,https://api.spotify.com/v1/audio-analysis/69IABZ0ngAYQAdQZkLLpDT,185063,4,0.193,0.24,['slowed and reverb'],56,[],62,2003-05-14
74,66S14BkJDxgkYxLl5DCqOz,1A92IAcd7A6npCA33oGM5i,7hPq9fDWwXPo1tT0oi3XcM,I'm Gonna Be (500 Miles),The Proclaimers,Finest,False,1,1,spotify:track:66S14BkJDxgkYxLl5DCqOz,131.922,audio_features,4,-5.177,1,0.0396,0.0827,0.807,0.851,0.551,https://api.spotify.com/v1/tracks/66S14BkJDxgkYxLl5DCqOz,https://api.spotify.com/v1/audio-analysis/66S14BkJDxgkYxLl5DCqOz,219467,4,0.151,0.0,"['celtic rock', 'scottish rock']",64,[],66,2003-09-01
68,6BIcjFZIVDZxNAcofRFPx4,6nzxy2wXs6tLgzEtqOkEi2,4lSQkGgFffaUOd22Yrc25v,So Gone,Monica,After The Storm,False,1,3,spotify:track:6BIcjFZIVDZxNAcofRFPx4,81.975,audio_features,8,-6.863,1,0.0981,0.252,0.586,0.618,0.552,https://api.spotify.com/v1/tracks/6BIcjFZIVDZxNAcofRFPx4,https://api.spotify.com/v1/audio-analysis/6BIcjFZIVDZxNAcofRFPx4,242773,4,0.176,0.0,"['contemporary r&b', 'dance pop', 'hip hop', 'hip pop', 'neo soul', 'pop r&b', 'pop rap', 'quiet storm', 'r&b', 'urban contemporary']",66,[],61,2003
68,0DKNNR9iDjwfCEpMiFXMJq,0KDuKk6YdEu3hR56HtXmxt,4juejyEeCKFskkDA6zhIBW,Until the Day I Die,Story Of The Year,Page Avenue,False,1,2,spotify:track:0DKNNR9iDjwfCEpMiFXMJq,92.003,audio_features,11,-4.591,0,0.0984,0.0504,0.534,0.597,0.931,https://api.spotify.com/v1/tracks/0DKNNR9iDjwfCEpMiFXMJq,https://api.spotify.com/v1/audio-analysis/0DKNNR9iDjwfCEpMiFXMJq,235200,4,0.127,0.0,"['alternative metal', 'nu metal', 'pop punk', 'post-hardcore', 'screamo']",57,[],63,2003-09-16
69,0hDQV9X1Da5JrwhK8gu86p,3TNt4aUIxgfy9aoaft5Jj2,44ePwTuWK88vnalqutqJEG,Maps,Yeah Yeah Yeahs,Fever To Tell (Deluxe Remastered),False,1,9,spotify:track:0hDQV9X1Da5JrwhK8gu86p,119.783,audio_features,7,-5.194,1,0.0716,0.553,0.124,0.502,0.941,https://api.spotify.com/v1/tracks/0hDQV9X1Da5JrwhK8gu86p,https://api.spotify.com/v1/audio-analysis/0hDQV9X1Da5JrwhK8gu86p,219987,4,0.000346,0.319,"['alternative dance', 'alternative rock', 'dance-punk', 'garage rock', 'indie pop', 'indie rock', 'modern rock', 'new rave', 'rock']",67,[],63,2003-04-29
21,14IuJVgMEwlUiM3RDyfxZU,4EViwTsUibZWyo1K5EgrJt,1WQCOOZkNGJmjcPIwUISVO,Home Alone - Single Edit,Special D.,The Annual Essentials 2001-2003 (The First Years),False,1,12,spotify:track:14IuJVgMEwlUiM3RDyfxZU,140.972,audio_features,0,-4.814,1,0.275,0.496,0.596,0.691,0.995,https://api.spotify.com/v1/tracks/14IuJVgMEwlUiM3RDyfxZU,https://api.spotify.com/v1/audio-analysis/14IuJVgMEwlUiM3RDyfxZU,188748,4,0.102,1.29e-05,"['eurodance', 'europop', 'hands up', 'happy hardcore']",50,[],14,2009-09-04
69,5BmagRD7Thki6O1zZwbxBy,3LC8PXXgk7YtAIobtjSdNi,6prPsuR3shSCqcxPB84dkg,The Boys of Summer,The Ataris,So Long Astoria,False,1,10,spotify:track:5BmagRD7Thki6O1zZwbxBy,191.059,audio_features,6,-2.879,1,0.0691,0.0975,0.264,0.251,0.954,https://api.spotify.com/v1/tracks/5BmagRD7Thki6O1zZwbxBy,https://api.spotify.com/v1/audio-analysis/5BmagRD7Thki6O1zZwbxBy,258000,4,0.000674,0.000132,"['emo', 'pop punk', 'punk', 'skate punk']",55,[],62,2003-03-04
71,756CJtQRFSxEx9jV4P9hpA,5r1bdqzhgRoHC3YcCV6N5a,6vW9ZDllNv87WHXS3XTjlM,I Believe in a Thing Called Love,The Darkness,Permission to Land,False,1,4,spotify:track:756CJtQRFSxEx9jV4P9hpA,128.235,audio_features,4,-5.214,1,0.0764,0.282,0.622,0.442,0.846,https://api.spotify.com/v1/tracks/756CJtQRFSxEx9jV4P9hpA,https://api.spotify.com/v1/audio-analysis/756CJtQRFSxEx9jV4P9hpA,217653,4,0.0538,4.71e-06,"['glam metal', 'hard rock', 'rock']",63,[],65,2003-07-07
23,2m3X3NdG2pV7CyWCkFg5yX,5goS0v24Fc1ydjCKQRwtjM,73DYCqpLkrA9eGwD961XuO,Furioso Polka Op. 260,Johann Strauss II,Neujahrskonzert / New Year's Concert 2003,False,2,9,spotify:track:2m3X3NdG2pV7CyWCkFg5yX,168.634,audio_features,11,-18.222,1,0.494,0.665,0.412,0.45,0.581,https://api.spotify.com/v1/tracks/2m3X3NdG2pV7CyWCkFg5yX,https://api.spotify.com/v1/audio-analysis/2m3X3NdG2pV7CyWCkFg5yX,153613,4,0.821,0.94,"['classical', 'late romantic era', 'operetta']",59,[],20,2003
